{
  "iterations": 1,
  "final_accuracy": 0.85,
  "final_mrr": 0.7825000000000001,
  "categories": {
    "tidal": {
      "accuracy": 1.0,
      "mrr": 1.0,
      "correct": 6,
      "total": 6
    },
    "vessel": {
      "accuracy": 1.0,
      "mrr": 0.9166666666666666,
      "correct": 6,
      "total": 6
    },
    "berth": {
      "accuracy": 1.0,
      "mrr": 1.0,
      "correct": 6,
      "total": 6
    },
    "weather": {
      "accuracy": 0.8333333333333334,
      "mrr": 0.7638888888888888,
      "correct": 5,
      "total": 6
    },
    "ukc": {
      "accuracy": 0.8333333333333334,
      "mrr": 0.75,
      "correct": 5,
      "total": 6
    },
    "pilot": {
      "accuracy": 1.0,
      "mrr": 0.8055555555555557,
      "correct": 6,
      "total": 6
    },
    "ais": {
      "accuracy": 1.0,
      "mrr": 1.0,
      "correct": 6,
      "total": 6
    },
    "anchorage": {
      "accuracy": 0.8333333333333334,
      "mrr": 0.7222222222222223,
      "correct": 5,
      "total": 6
    },
    "schedule": {
      "accuracy": 0.8333333333333334,
      "mrr": 0.75,
      "correct": 5,
      "total": 6
    },
    "terminal": {
      "accuracy": 0.16666666666666666,
      "mrr": 0.11666666666666665,
      "correct": 1,
      "total": 6
    }
  },
  "progression": [
    0.85
  ]
}